{"loss": [1.3263577978608996, 0.048102326038393324, 0.0035115517676201436, 0.05647555086430397], "accuracy": [82.58928571428571, 97.99107142857143, 100.0, 98.21428571428571]}